link	text	urls	raw	tag_r	tag_algorithms	tag_extra	tag_prob	tag_ml	tag_datasets	tag_neuralnets	tag_social	tag_latex	tag_coding	tag_js	tag_python	tag_linalg	tag_video	tag_mooc	tag_pdf
https://www.manning.com/books/r-in-action	R in Action	['https://www.manning.com/books/r-in-action']	* [R in Action](https://www.manning.com/books/r-in-action);	1.0		1.0		1.0											
https://www.coursera.org/learn/basic-statistics	Basic Statistics – в этом курсе практические задания на R	['https://www.coursera.org/learn/basic-statistics']	* [Basic Statistics](https://www.coursera.org/learn/basic-statistics) – в этом курсе практические задания на R;	1.0		1.0												1.0	
http://www.youtube.com/playlist?list=PLlb7e2G7aSpSSa_PlFEwnd6-3gzAa08_m	Анализ данных на R в примерах и задачах — видеолекции от Computer Science Center	['http://www.youtube.com/playlist?list=PLlb7e2G7aSpSSa_PlFEwnd6-3gzAa08_m']	* [Анализ данных на R в примерах и задачах](http://www.youtube.com/playlist?list=PLlb7e2G7aSpSSa_PlFEwnd6-3gzAa08_m) — видеолекции от Computer Science Center;	1.0		1.0											1.0		
http://adv-r.had.co.nz	Advanced R by Hadley Wickham – онлайн-книга для тех, кто хочет повысить свой навык программирования на R и лучше понять этот язык (в т.ч. для программистов на других языках)	['http://adv-r.had.co.nz']	* [Advanced R](http://adv-r.had.co.nz) by Hadley Wickham – онлайн-книга для тех, кто хочет повысить свой навык программирования на R и лучше понять этот язык (в т.ч. для программистов на других языках);	1.0		1.0													
http://bafflednerd.com/learn-r-online/	A detailed list of online courses on R	['http://bafflednerd.com/learn-r-online/']	* [A detailed list](http://bafflednerd.com/learn-r-online/) of online courses on R;	1.0		1.0													
http://rpackages.ianhowson.com/cran/mlr/	Machine Learning in R (github repo) — Interface to a large number of classification and regression techniques, including machine-readable parameter descriptions	['http://rpackages.ianhowson.com/cran/mlr/', 'https://github.com/mlr-org/mlr']	* [Machine Learning in R](http://rpackages.ianhowson.com/cran/mlr/) ([:octocat: github repo](https://github.com/mlr-org/mlr)) — Interface to a large number of classification and regression techniques, including machine-readable parameter descriptions;	1.0		1.0													
https://habrahabr.ru/company/infopulse/blog/305692/	Лучшие пакеты для машинного обучения в R – статья на Хабрахабре	['https://habrahabr.ru/company/infopulse/blog/305692/']	* [Лучшие пакеты для машинного обучения в R](https://habrahabr.ru/company/infopulse/blog/305692/) – статья на Хабрахабре.	1.0		1.0													
https://www.coursera.org/specializations/data-structures-algorithms	Data Structures and Algorithms – специализация на Coursera	['https://www.coursera.org/specializations/data-structures-algorithms']	* [Data Structures and Algorithms](https://www.coursera.org/specializations/data-structures-algorithms) – специализация на Coursera;		1.0	1.0												1.0	
http://ocw.mit.edu/courses/electrical-engineering-and-computer-science/6-046j-introduction-to-algorithms-sma-5503-fall-2005/	MIT 6.046J Introduction to Algorithms – teaches techniques for the design and analysis of efficient algorithms, emphasizing methods useful in practice	['http://ocw.mit.edu/courses/electrical-engineering-and-computer-science/6-046j-introduction-to-algorithms-sma-5503-fall-2005/']	* [MIT 6.046J Introduction to Algorithms](http://ocw.mit.edu/courses/electrical-engineering-and-computer-science/6-046j-introduction-to-algorithms-sma-5503-fall-2005/) – teaches techniques for the design and analysis of efficient algorithms, emphasizing methods useful in practice;		1.0	1.0												1.0	
https://bost.ocks.org/mike/algorithms/	Visualizing Algorithms	['https://bost.ocks.org/mike/algorithms/']	* [Visualizing Algorithms](https://bost.ocks.org/mike/algorithms/);		1.0	1.0													
https://ru.m.wikibooks.org/wiki/Реализации_алгоритмов	Реализации алгоритмов	['https://ru.m.wikibooks.org/wiki/Реализации_алгоритмов']	* [Реализации алгоритмов](https://ru.m.wikibooks.org/wiki/Реализации_алгоритмов),		1.0	1.0													
http://e-maxx.ru/algo/	e-maxx.ru – здесь представлено 145 алгоритмов. Ко всем алгоритмам даны краткие описания и программы на C++	['http://e-maxx.ru/algo/']	* [e-maxx.ru](http://e-maxx.ru/algo/) – здесь представлено 145 алгоритмов. Ко всем алгоритмам даны краткие описания и программы на C++,		1.0	1.0													
http://e-maxx.ru/upload/e-maxx_algo.pdf	Книга с e-maxx.ru (PDF) – в этой книге Вы найдёте описание, реализации и доказательства множества алгоритмов, от известных всем до тех, которые являются уделом лучших олимпиадников и специалистов по Computer Science	['http://e-maxx.ru/upload/e-maxx_algo.pdf']	* [Книга с e-maxx.ru](http://e-maxx.ru/upload/e-maxx_algo.pdf) (PDF) – в этой книге Вы найдёте описание, реализации и доказательства множества алгоритмов, от известных всем до тех, которые являются уделом лучших олимпиадников и специалистов по Computer Science,		1.0	1.0													1.0
https://www.youtube.com/playlist?list=PLlb7e2G7aSpQutUr7qYIunvm04cqdr5mx	Алгоритмы и структуры данных – записи онлайн-курса Александра Куликова из Computer Science Center	['https://www.youtube.com/playlist?list=PLlb7e2G7aSpQutUr7qYIunvm04cqdr5mx']	* [Алгоритмы и структуры данных](https://www.youtube.com/playlist?list=PLlb7e2G7aSpQutUr7qYIunvm04cqdr5mx) – записи онлайн-курса Александра Куликова из Computer Science Center,		1.0	1.0											1.0		
https://www.lektorium.tv/speaker/2678	В профиле Александра Куликова на Лекториуме есть ссылки на другие его курсы и лекции	['https://www.lektorium.tv/speaker/2678']	* В [профиле Александра Куликова](https://www.lektorium.tv/speaker/2678) на Лекториуме есть ссылки на другие его курсы и лекции.		1.0	1.0													
http://scikit-learn.org/stable/modules/tree.html	Урок про Desicion Trees на scikit-learn.org	['http://scikit-learn.org/stable/modules/tree.html']	* Урок про [Desicion Trees](http://scikit-learn.org/stable/modules/tree.html) на scikit-learn.org;			1.0													
http://www.machinelearning.ru/wiki/images/9/97/Voron-ML-Logic-slides.pdf	Логические алгоритмы классификации – К. В. Воронцов	['http://www.machinelearning.ru/wiki/images/9/97/Voron-ML-Logic-slides.pdf']	* [Логические алгоритмы классификации](http://www.machinelearning.ru/wiki/images/9/97/Voron-ML-Logic-slides.pdf) – К. В. Воронцов;			1.0													1.0
https://github.com/esokolov/ml-course-msu/blob/master/ML15/lecture-notes/Sem04_trees.pdf	Семинары по решающим деревьям – Е. Соколов	['https://github.com/esokolov/ml-course-msu/blob/master/ML15/lecture-notes/Sem04_trees.pdf']	* [Семинары по решающим деревьям](https://github.com/esokolov/ml-course-msu/blob/master/ML15/lecture-notes/Sem04_trees.pdf) – Е. Соколов.			1.0													1.0
http://machinelearningmastery.com/how-to-tune-algorithm-parameters-with-scikit-learn/	How to Tune Algorithm Parameters with Scikit-Learn	['http://machinelearningmastery.com/how-to-tune-algorithm-parameters-with-scikit-learn/']	* [How to Tune Algorithm Parameters with Scikit-Learn](http://machinelearningmastery.com/how-to-tune-algorithm-parameters-with-scikit-learn/);																
http://miguelmalvarez.com/2015/02/23/python-and-kaggle-feature-selection-multiple-models-and-grid-search/	Python and Kaggle: Feature selection, multiple models and Grid Search	['http://miguelmalvarez.com/2015/02/23/python-and-kaggle-feature-selection-multiple-models-and-grid-search/']	* [Python and Kaggle: Feature selection, multiple models and Grid Search](http://miguelmalvarez.com/2015/02/23/python-and-kaggle-feature-selection-multiple-models-and-grid-search/);																
http://www.scipy-lectures.org/packages/scikit-learn/#grid-search-and-cross-validated-estimators	Grid search and cross-validated estimators на scipy-lectures.org	['http://www.scipy-lectures.org/packages/scikit-learn/#grid-search-and-cross-validated-estimators']	* [Grid search and cross-validated estimators](http://www.scipy-lectures.org/packages/scikit-learn/#grid-search-and-cross-validated-estimators) на scipy-lectures.org;																
http://scikit-learn.org/stable/modules/grid_search.html#grid-search	Документация по модулю Grid Search на scikit-learn.org	['http://scikit-learn.org/stable/modules/grid_search.html#grid-search']	* Документация по модулю [Grid Search](http://scikit-learn.org/stable/modules/grid_search.html#grid-search) на scikit-learn.org																
https://github.com/esokolov/ml-course-msu/blob/master/ML15/lecture-notes/Sem10_linear.pdf	Подробнее о логистической регрессии и предсказании вероятностей с ее помощью	['https://github.com/esokolov/ml-course-msu/blob/master/ML15/lecture-notes/Sem10_linear.pdf']	* [Подробнее о логистической регрессии и предсказании вероятностей с ее помощью](https://github.com/esokolov/ml-course-msu/blob/master/ML15/lecture-notes/Sem10_linear.pdf);																1.0
https://github.com/esokolov/ml-course-msu/blob/master/ML15/lecture-notes/Sem05_metrics.pdf	Семинары по выбору моделей и критериев качества	['https://github.com/esokolov/ml-course-msu/blob/master/ML15/lecture-notes/Sem05_metrics.pdf']	* [Семинары по выбору моделей и критериев качества](https://github.com/esokolov/ml-course-msu/blob/master/ML15/lecture-notes/Sem05_metrics.pdf).																1.0
https://github.com/esokolov/ml-course-msu/blob/master/ML15/lecture-notes/Sem07_linear.pdf	Подробнее о градиентах и градиентном спуске	['https://github.com/esokolov/ml-course-msu/blob/master/ML15/lecture-notes/Sem07_linear.pdf']	* [Подробнее о градиентах и градиентном спуске](https://github.com/esokolov/ml-course-msu/blob/master/ML15/lecture-notes/Sem07_linear.pdf);																1.0
http://www.apmath.spbu.ru/ru/staff/grigorieva/mfk.pdf	Методичка по методам спуска и градиентам	['http://www.apmath.spbu.ru/ru/staff/grigorieva/mfk.pdf']	* [Методичка по методам спуска и градиентам](http://www.apmath.spbu.ru/ru/staff/grigorieva/mfk.pdf);																1.0
https://www.youtube.com/watch?v=qlLChbHhbg4&feature=youtu.be&list=PLkt2uSq6rBVctENoVBg1TpCC7OQi31AlC&t=50m16s	Объяснение градиента (видео) от Andrej Karpathy, отрывок из лекции курса CS231n	['https://www.youtube.com/watch?v=qlLChbHhbg4&feature=youtu.be&list=PLkt2uSq6rBVctENoVBg1TpCC7OQi31AlC&t=50m16s']	* [Объяснение градиента (видео)](https://www.youtube.com/watch?v=qlLChbHhbg4&feature=youtu.be&list=PLkt2uSq6rBVctENoVBg1TpCC7OQi31AlC&t=50m16s) от Andrej Karpathy, отрывок из лекции курса CS231n.														1.0		
http://www.machinelearning.ru/wiki/images/7/7e/Sem03_ensembles_2014.pdf	Подробнее о градиентном бустинге и особенностях его применения к деревьям	['http://www.machinelearning.ru/wiki/images/7/7e/Sem03_ensembles_2014.pdf']	* [Подробнее о градиентном бустинге и особенностях его применения к деревьям](http://www.machinelearning.ru/wiki/images/7/7e/Sem03_ensembles_2014.pdf);																1.0
http://www.ccs.neu.edu/home/vip/teach/MLcourse/4_boosting/slides/gradient_boosting.pdf	Ещё о выводе градиентного бустинга для регрессии и классификации	['http://www.ccs.neu.edu/home/vip/teach/MLcourse/4_boosting/slides/gradient_boosting.pdf']	* [Ещё о выводе градиентного бустинга для регрессии и классификации](http://www.ccs.neu.edu/home/vip/teach/MLcourse/4_boosting/slides/gradient_boosting.pdf).																1.0
http://cs.gmu.edu/~kosecka/cs803/soft-kmeans.pdf	Soft K-means – коротко, строго и одновременно понятно	['http://cs.gmu.edu/~kosecka/cs803/soft-kmeans.pdf']	* [Soft K-means](http://cs.gmu.edu/~kosecka/cs803/soft-kmeans.pdf) – коротко, строго и одновременно понятно.																1.0
http://cs229.stanford.edu/notes/cs229-notes3.pdf	Вывод SVM - Заметки оригинального стэнфордского курса Andrew Ng	['http://cs229.stanford.edu/notes/cs229-notes3.pdf']	* [Вывод SVM](http://cs229.stanford.edu/notes/cs229-notes3.pdf) - Заметки оригинального стэнфордского курса Andrew Ng;																1.0
http://statistica.ru/local-portals/data-mining/metod-opornykh-vektorov/	Метод опорных векторов	['http://statistica.ru/local-portals/data-mining/metod-opornykh-vektorov/']	* [Метод опорных векторов](http://statistica.ru/local-portals/data-mining/metod-opornykh-vektorov/).																
http://www.ccas.ru/voron/download/NeuralNets.pdf	Лекции по искусственным нейронным сетям — К. В. Воронцов	['http://www.ccas.ru/voron/download/NeuralNets.pdf']	* [Лекции по искусственным нейронным сетям](http://www.ccas.ru/voron/download/NeuralNets.pdf) — К. В. Воронцов;							1.0									1.0
http://www.deeplearningbook.org	Deep Learning - Ian Goodfellow, Yoshua Bengio, and Aaron Courville (2016)	['http://www.deeplearningbook.org']	* [Deep Learning](http://www.deeplearningbook.org) - Ian Goodfellow, Yoshua Bengio, and Aaron Courville (2016);							1.0									
http://neuralnetworksanddeeplearning.com/index.html	Neural Networks and Deep Learning – ещё одна бесплатная онлайн-книга	['http://neuralnetworksanddeeplearning.com/index.html']	* [Neural Networks and Deep Learning](http://neuralnetworksanddeeplearning.com/index.html) – ещё одна бесплатная онлайн-книга.																
http://www.e-booksdirectory.com/details.php?ebook=3267	The Elements of Statistical Learning: Data Mining, Inference, and Prediction - T. Hastie, R. Tibshirani, J. Friedman	['http://www.e-booksdirectory.com/details.php?ebook=3267']	* [The Elements of Statistical Learning: Data Mining, Inference, and Prediction](http://www.e-booksdirectory.com/details.php?ebook=3267) - T. Hastie, R. Tibshirani, J. Friedman;				1.0												
https://www.openintro.org/stat/textbook.php	Openintro Statistics 3 (free)	['https://www.openintro.org/stat/textbook.php']	* [Openintro Statistics 3](https://www.openintro.org/stat/textbook.php) (free);				1.0												
http://www.nsu.ru/mmf/tvims/chernova/sibguti/tv-sibguti.pdf	Теория вероятностей – Чернова Н.И. (СибГУТИ, 2009)	['http://www.nsu.ru/mmf/tvims/chernova/sibguti/tv-sibguti.pdf']	* [Теория вероятностей](http://www.nsu.ru/mmf/tvims/chernova/sibguti/tv-sibguti.pdf) – Чернова Н.И. (СибГУТИ, 2009);				1.0												1.0
http://www.nsu.ru/mmf/tvims/chernova/tv/tv_nsu07.pdf	Теория вероятностей – Чернова Н.И. (НГУ, 2007)	['http://www.nsu.ru/mmf/tvims/chernova/tv/tv_nsu07.pdf']	* [Теория вероятностей](http://www.nsu.ru/mmf/tvims/chernova/tv/tv_nsu07.pdf) – Чернова Н.И. (НГУ, 2007);				1.0												1.0
http://www.nsu.ru/mmf/tvims/chernova/ms/ms_nsu14.pdf	Математическая статистика – Чернова Н.И. (НГУ, 2014)	['http://www.nsu.ru/mmf/tvims/chernova/ms/ms_nsu14.pdf']	* [Математическая статистика](http://www.nsu.ru/mmf/tvims/chernova/ms/ms_nsu14.pdf) – Чернова Н.И. (НГУ, 2014);				1.0												1.0
http://www.nsu.ru/mmf/tvims/chernova/sibguti/ms-sibguti.pdf	Математическая статистика – Чернова Н.И. (СибГУТИ, 2009)	['http://www.nsu.ru/mmf/tvims/chernova/sibguti/ms-sibguti.pdf']	* [Математическая статистика](http://www.nsu.ru/mmf/tvims/chernova/sibguti/ms-sibguti.pdf) – Чернова Н.И. (СибГУТИ, 2009);				1.0												1.0
http://www.ozon.ru/context/detail/id/18048756/	Прикладная математическая статистика – Кобзарь А.	['http://www.ozon.ru/context/detail/id/18048756/']	* [Прикладная математическая статистика](http://www.ozon.ru/context/detail/id/18048756/) – Кобзарь А.;				1.0												
https://www.coursera.org/learn/modern-combinatorics	Современная комбинаторика от МФТИ, ведёт Райгородский А.М.	['https://www.coursera.org/learn/modern-combinatorics']	* [Современная комбинаторика](https://www.coursera.org/learn/modern-combinatorics) от МФТИ, ведёт Райгородский А.М.;				1.0	1.0										1.0	
https://www.coursera.org/learn/probability-theory-basics/home/info	Теория вероятностей для начинающих (также на OpenEdu) — курс от МФТИ, ведёт Райгородский А.М.	['https://www.coursera.org/learn/probability-theory-basics/home/info', 'https://openedu.ru/course/mipt/PROBTH/']	* [Теория вероятностей для начинающих](https://www.coursera.org/learn/probability-theory-basics/home/info) (также [на OpenEdu](https://openedu.ru/course/mipt/PROBTH/)) — курс от МФТИ, ведёт Райгородский А.М.;				1.0											1.0	
https://www.coursera.org/learn/basic-statistics	Basic Statistics – хорошие лекции и квизы, идеально для новичков. Минус — недоработанные практические задания (_Labs_) на DataCamp, которые не помогают закрепить выученный материал, а, скорее, отвлекают от изучения статистики	['https://www.coursera.org/learn/basic-statistics']	* [Basic Statistics](https://www.coursera.org/learn/basic-statistics) – хорошие лекции и квизы, идеально для новичков. Минус — недоработанные практические задания (_Labs_) на DataCamp, которые не помогают закрепить выученный материал, а, скорее, отвлекают от изучения статистики;				1.0											1.0	
https://www.coursera.org/learn/probability-intro/home/welcome	Introduction to Probability and Data от Duke University	['https://www.coursera.org/learn/probability-intro/home/welcome']	* [Introduction to Probability and Data](https://www.coursera.org/learn/probability-intro/home/welcome) от Duke University;				1.0											1.0	
https://www.khanacademy.org/math/probability	Probability and Statistics на KhanAcademy	['https://www.khanacademy.org/math/probability']	* [Probability and Statistics](https://www.khanacademy.org/math/probability) на KhanAcademy;				1.0												
https://stepic.org/course/76	Основы статистики на stepic.org — качественное введение в статистику, на русском языке	['https://stepic.org/course/76']	* [Основы статистики](https://stepic.org/course/76) на stepic.org — качественное введение в статистику, на русском языке;				1.0											1.0	
https://stepic.org/course/Основы-статистики-Часть-2-524	Основы статистики: часть 2 — курс продолжает знакомить слушателей с основными понятиями и методами статистики. Курс затронет такие темы как анализ номинативных данных, непараметрические критерии и методы понижения размерности	['https://stepic.org/course/Основы-статистики-Часть-2-524']	* [Основы статистики: часть 2](https://stepic.org/course/Основы-статистики-Часть-2-524) — курс продолжает знакомить слушателей с основными понятиями и методами статистики. Курс затронет такие темы как анализ номинативных данных, непараметрические критерии и методы понижения размерности;				1.0											1.0	
https://www.edx.org/course/introduction-probability-science-mitx-6-041x-1	MITx: 6.041x Introduction to Probability - The Science of Uncertainty	['https://www.edx.org/course/introduction-probability-science-mitx-6-041x-1']	* [MITx: 6.041x Introduction to Probability - The Science of Uncertainty](https://www.edx.org/course/introduction-probability-science-mitx-6-041x-1);				1.0	1.0										1.0	
https://www.udacity.com/courses/st101	Intro to Statistics — covers visualization, probability, regression and other topics that will help you learn the basic methods of understanding data with statistics	['https://www.udacity.com/courses/st101']	* [Intro to Statistics](https://www.udacity.com/courses/st101) — covers visualization, probability, regression and other topics that will help you learn the basic methods of understanding data with statistics;				1.0											1.0	
https://www.udacity.com/courses/ud827	Intro to Descriptive Statistics – подробный курс для новичков. This course will teach you the basic terms and concepts in statistics as well as guide you through introductory probability	['https://www.udacity.com/courses/ud827']	* [Intro to Descriptive Statistics](https://www.udacity.com/courses/ud827) – подробный курс для новичков. This course will teach you the basic terms and concepts in statistics as well as guide you through introductory probability;				1.0											1.0	
https://www.udacity.com/courses/ud201	Intro to Inferential Statistics – курс знакомит с базовыми понятиями индуктивной статистики (t-test, ANOVA, корреляция, регрессия и др.)	['https://www.udacity.com/courses/ud201']	* [Intro to Inferential Statistics](https://www.udacity.com/courses/ud201) – курс знакомит с базовыми понятиями индуктивной статистики (t-test, ANOVA, корреляция, регрессия и др.);				1.0											1.0	
http://www.amazon.com/Introduction-Probability-Chapman-Statistical-Science/dp/1466575573/ref=pd_cp_14_1?ie=UTF8&refRID=0CF1J1X0J2JFR5JX7BYP	Introduction to Probability – Joseph K. Blitzstein (2014)	['http://www.amazon.com/Introduction-Probability-Chapman-Statistical-Science/dp/1466575573/ref=pd_cp_14_1?ie=UTF8&refRID=0CF1J1X0J2JFR5JX7BYP']	* [Introduction to Probability](http://www.amazon.com/Introduction-Probability-Chapman-Statistical-Science/dp/1466575573/ref=pd_cp_14_1?ie=UTF8&refRID=0CF1J1X0J2JFR5JX7BYP) – Joseph K. Blitzstein (2014);				1.0												
http://eu.wiley.com/WileyCDA/WileyTitle/productCd-1119186846,subjectCd-ST2A.html	Causal Inference in Statistics: A Primer – Pearl J., Glymour M.	['http://eu.wiley.com/WileyCDA/WileyTitle/productCd-1119186846,subjectCd-ST2A.html']	* [Causal Inference in Statistics: A Primer](http://eu.wiley.com/WileyCDA/WileyTitle/productCd-1119186846,subjectCd-ST2A.html) – Pearl J., Glymour M.;				1.0												
http://www-bcf.usc.edu/~gareth/ISL/	An Introduction to Statistical learning – Gareth James, D. Witten et. al	['http://www-bcf.usc.edu/~gareth/ISL/']	* [An Introduction to Statistical learning](http://www-bcf.usc.edu/~gareth/ISL/) – Gareth James, D. Witten et. al;				1.0												
https://vk.com/doc-44016343_199213512?hash=2ad697dae93b3fea0e&dl=4fa59572a2f58a3219	Machine Learning: A Probabilistic Perspective	['https://vk.com/doc-44016343_199213512?hash=2ad697dae93b3fea0e&dl=4fa59572a2f58a3219']	* [Machine Learning: A Probabilistic Perspective](https://vk.com/doc-44016343_199213512?hash=2ad697dae93b3fea0e&dl=4fa59572a2f58a3219);				1.0				1.0								
http://projects.iq.harvard.edu/stat110	Statistics 110: Probability – Гарвардский курс от Joseph K. Blitzstein	['http://projects.iq.harvard.edu/stat110']	* [Statistics 110: Probability](http://projects.iq.harvard.edu/stat110) – Гарвардский курс от Joseph K. Blitzstein;				1.0												
https://speakerdeck.com/jakevdp/statistics-for-hackers	Statistics for Hackers — презентация о том, как можно использовать coding skills to 'hack statistics'	['https://speakerdeck.com/jakevdp/statistics-for-hackers']	"* [Statistics for Hackers](https://speakerdeck.com/jakevdp/statistics-for-hackers) — презентация о том, как можно использовать coding skills to ""hack statistics""."				1.0												
http://www.machinelearning.ru/wiki/images/f/fc/Voron-ML-Intro-slides.pdf	Машинное обучение: вводная лекция – К. В. Воронцов	['http://www.machinelearning.ru/wiki/images/f/fc/Voron-ML-Intro-slides.pdf']	* [Машинное обучение: вводная лекция](http://www.machinelearning.ru/wiki/images/f/fc/Voron-ML-Intro-slides.pdf) – К. В. Воронцов;					1.0											1.0
http://www.machinelearning.ru/wiki/images/6/6d/Voron-ML-1.pdf	Математические методы обучения по прецедентам (теория обучения машин) – К. В. Воронцов	['http://www.machinelearning.ru/wiki/images/6/6d/Voron-ML-1.pdf']	* [Математические методы обучения по прецедентам (теория обучения машин)](http://www.machinelearning.ru/wiki/images/6/6d/Voron-ML-1.pdf) – К. В. Воронцов;					1.0											1.0
https://github.com/esokolov/ml-course-msu	Репозиторий с конспектами, кодом и прочими материалами к семинарам по машинному обучению ВМК МГУ	['https://github.com/esokolov/ml-course-msu']	* [Репозиторий](https://github.com/esokolov/ml-course-msu) с конспектами, кодом и прочими материалами к семинарам по машинному обучению ВМК МГУ;					1.0											
https://www.reddit.com/r/MachineLearning/comments/1jeawf/machine_learning_books/	Пост на reddit: Machine Learning Books	['https://www.reddit.com/r/MachineLearning/comments/1jeawf/machine_learning_books/']	* Пост на reddit: [Machine Learning Books](https://www.reddit.com/r/MachineLearning/comments/1jeawf/machine_learning_books/);					1.0			1.0								
http://www.learndatasci.com/free-books/	100+ Free Data Science Books – более 100 бесплатных книг по Data Science	['http://www.learndatasci.com/free-books/']	* [100+ Free Data Science Books](http://www.learndatasci.com/free-books/) – более 100 бесплатных книг по Data Science;					1.0											
https://hackerlists.com/free-machine-learning-books/	16 Free Machine Learning Books — ещё 16 бесплатных книг по ML	['https://hackerlists.com/free-machine-learning-books/']	* [16 Free Machine Learning Books](https://hackerlists.com/free-machine-learning-books/) — ещё 16 бесплатных книг по ML;					1.0											
http://meta-guide.com/software-meta-guide/100-best-github-machine-learning	100 репозиториев по машинному обучению	['http://meta-guide.com/software-meta-guide/100-best-github-machine-learning']	* [100 репозиториев по машинному обучению](http://meta-guide.com/software-meta-guide/100-best-github-machine-learning);					1.0											
https://github.com/josephmisiti/awesome-machine-learning	awesome-machine-learning	['https://github.com/josephmisiti/awesome-machine-learning']	* [awesome-machine-learning](https://github.com/josephmisiti/awesome-machine-learning);					1.0											
https://github.com/open-source-society/data-science	Open Source Society University's Data Science course – this is a solid path for those of you who want to complete a Data Science course on your own time, for free, with courses from the best universities in the World	['https://github.com/open-source-society/data-science']	* [Open Source Society University's Data Science](https://github.com/open-source-society/data-science) course – this is a solid path for those of you who want to complete a Data Science course on your own time, for free, with courses from the best universities in the World;					1.0											
https://trello.com/b/rbpEfMld/data-science	Доска по data science в Trello — проверенные материалы, организованные по темам (expertise tracks, языки программирования, различные инструменты)	['https://trello.com/b/rbpEfMld/data-science']	* [Доска](https://trello.com/b/rbpEfMld/data-science) по data science в Trello — проверенные материалы, организованные по темам (expertise tracks, языки программирования, различные инструменты);					1.0											
https://github.com/rushter/data-science-blogs	Блоги по датасаенс-тематике	['https://github.com/rushter/data-science-blogs']	* [Блоги по датасаенс-тематике](https://github.com/rushter/data-science-blogs);					1.0											
http://blog.talla.com/2016/02/people-tweeting-about-machine-learning-and-ai/	People tweeting about ML and AI — на кого подписаться в Твиттере	['http://blog.talla.com/2016/02/people-tweeting-about-machine-learning-and-ai/']	* [People tweeting about ML and AI](http://blog.talla.com/2016/02/people-tweeting-about-machine-learning-and-ai/) — на кого подписаться в Твиттере;					1.0											
https://www.dropbox.com/s/z4f9oer4nkyu9tf/MachineLearningResourceGuide.pdf	Machine Learning Resource Guide	['https://www.dropbox.com/s/z4f9oer4nkyu9tf/MachineLearningResourceGuide.pdf']	* [Machine Learning Resource Guide](https://www.dropbox.com/s/z4f9oer4nkyu9tf/MachineLearningResourceGuide.pdf);					1.0											1.0
http://tproger.ru/articles/free-programming-books/#machine-learning	17 ресурсов по машинному обучению от Типичного Программиста	['http://tproger.ru/articles/free-programming-books/#machine-learning']	* [17 ресурсов по машинному обучению](http://tproger.ru/articles/free-programming-books/#machine-learning) от Типичного Программиста;					1.0											
https://www.quora.com/Data-Science/What-are-some-good-toy-problems-in-data-science/answer/Alex-Kamil	51 идея для тренировочных задачек (*toy data problem*) в Data Science	['https://www.quora.com/Data-Science/What-are-some-good-toy-problems-in-data-science/answer/Alex-Kamil']	* [51 идея](https://www.quora.com/Data-Science/What-are-some-good-toy-problems-in-data-science/answer/Alex-Kamil) для тренировочных задачек (*toy data problem*) в Data Science;					1.0											
http://hangtwenty.github.io/dive-into-machine-learning/	Dive into Machine Learning (repo on github) with Python Jupyter notebook and scikit-learn	['http://hangtwenty.github.io/dive-into-machine-learning/', 'https://github.com/hangtwenty/dive-into-machine-learning']	* [Dive into Machine Learning](http://hangtwenty.github.io/dive-into-machine-learning/) ([:octocat: repo on github](https://github.com/hangtwenty/dive-into-machine-learning)) with Python Jupyter notebook and scikit-learn;					1.0							1.0				
http://www.itshared.org/2015/10/data-science-interview-questions.html	Data Science Interview Questions — огромный список вопросов для подготовки к интервью на позицию data scientist'а	['http://www.itshared.org/2015/10/data-science-interview-questions.html']	* [Data Science Interview Questions](http://www.itshared.org/2015/10/data-science-interview-questions.html) — огромный список вопросов для подготовки к интервью на позицию data scientist'а;					1.0											
https://www.dropbox.com/sh/b1c2ulwua9zy574/AACswS1E0IB9LdPDxQ6fexm4a?dl=0	Много книг по NLP (Natural Language Processing)	['https://www.dropbox.com/sh/b1c2ulwua9zy574/AACswS1E0IB9LdPDxQ6fexm4a?dl=0']	* [Много книг по NLP](https://www.dropbox.com/sh/b1c2ulwua9zy574/AACswS1E0IB9LdPDxQ6fexm4a?dl=0) (Natural Language Processing);					1.0		1.0									
http://www.reddit.com	Для фанатов reddit.com — полезные и весёлые сабреддиты(/reddit.md) по машинному обучению и смежным темам	['http://www.reddit.com']	* Для фанатов [reddit.com](http://www.reddit.com) — [полезные и весёлые сабреддиты](/reddit.md) по машинному обучению и смежным темам;					1.0			1.0								
https://www.quora.com/What-should-I-learn-in-data-science-in-100-hours/answer/Roman-Trusov	Очень подробный ответ на вопрос What should I learn in data science in 100 hours?	['https://www.quora.com/What-should-I-learn-in-data-science-in-100-hours/answer/Roman-Trusov']	* Очень подробный ответ на вопрос [What should I learn in data science in 100 hours?](https://www.quora.com/What-should-I-learn-in-data-science-in-100-hours/answer/Roman-Trusov).					1.0											
http://www.springer.com/us/book/9781461468486	Applied Predictive Modeling – M. Kuhn, K. Johnson (2013)	['http://www.springer.com/us/book/9781461468486']	* [Applied Predictive Modeling](http://www.springer.com/us/book/9781461468486) – M. Kuhn, K. Johnson (2013);					1.0											
http://web4.cs.ucl.ac.uk/staff/D.Barber/textbook/181115.pdf	Bayesian Reasoning and Machine Learning - D.Barber (2015)	['http://web4.cs.ucl.ac.uk/staff/D.Barber/textbook/181115.pdf']	* [Bayesian Reasoning and Machine Learning](http://web4.cs.ucl.ac.uk/staff/D.Barber/textbook/181115.pdf) - D.Barber (2015);					1.0											1.0
http://www.springer.com/us/book/9780857292865	Core Concepts in Data Analysis: Summarization, Correlation and Visualization - Boris Mirkin	['http://www.springer.com/us/book/9780857292865']	* [Core Concepts in Data Analysis: Summarization, Correlation and Visualization](http://www.springer.com/us/book/9780857292865) - Boris Mirkin;					1.0											
http://www.e-booksdirectory.com/details.php?ebook=9395	A Course in Machine Learning - Hal Daumé III (another link)	['http://www.e-booksdirectory.com/details.php?ebook=9395', 'http://ciml.info']	* [A Course in Machine Learning](http://www.e-booksdirectory.com/details.php?ebook=9395) - Hal Daumé III ([another link](http://ciml.info));					1.0											
http://www.sciencedirect.com/science/book/9780123814791	Data Mining: Concepts and Techniques - Jiawei Han et. al.	['http://www.sciencedirect.com/science/book/9780123814791']	* [Data Mining: Concepts and Techniques](http://www.sciencedirect.com/science/book/9780123814791) - Jiawei Han et. al.;					1.0											
http://www.cs.rpi.edu/~zaki/PaperDir/DMABOOK.pdf	Data Mining and Analysis. Fundamental Concepts and Algorithms - M.J.Zaki, W.Meira Jr (2014)	['http://www.cs.rpi.edu/~zaki/PaperDir/DMABOOK.pdf']	* [Data Mining and Analysis. Fundamental Concepts and Algorithms](http://www.cs.rpi.edu/~zaki/PaperDir/DMABOOK.pdf) - M.J.Zaki, W.Meira Jr (2014);					1.0											1.0
https://www.geekbooks.me/book/view/data-science-for-dummies	Data Science For Dummies – Lillian Pierson (2015)	['https://www.geekbooks.me/book/view/data-science-for-dummies']	* [Data Science For Dummies](https://www.geekbooks.me/book/view/data-science-for-dummies) – Lillian Pierson (2015);					1.0											
http://shop.oreilly.com/product/0636920028529.do	Doing Data Science	['http://shop.oreilly.com/product/0636920028529.do']	* [Doing Data Science](http://shop.oreilly.com/product/0636920028529.do);					1.0											
https://mail.google.com/mail/u/1/#inbox/1536859aae027538	Frequent Pattern Mining - Charu C Aggarwal, Jiawei Han (eds.)	['https://mail.google.com/mail/u/1/#inbox/1536859aae027538']	* [Frequent Pattern Mining](https://mail.google.com/mail/u/1/#inbox/1536859aae027538) - Charu C Aggarwal, Jiawei Han (eds.);					1.0											
http://www.e-booksdirectory.com/details.php?ebook=1774	Gaussian Processes for Machine Learning - Carl E. Rasmugit lssen, Christopher K. I. Williams	['http://www.e-booksdirectory.com/details.php?ebook=1774']	* [Gaussian Processes for Machine Learning](http://www.e-booksdirectory.com/details.php?ebook=1774) - Carl E. Rasmugit lssen, Christopher K. I. Williams;					1.0											
http://www.e-booksdirectory.com/details.php?ebook=1105	Inductive Logic Programming: Techniques and Applications - Nada Lavrac, Saso Dzeroski	['http://www.e-booksdirectory.com/details.php?ebook=1105']	* [Inductive Logic Programming: Techniques and Applications](http://www.e-booksdirectory.com/details.php?ebook=1105) - Nada Lavrac, Saso Dzeroski;					1.0											
http://www.inference.phy.cam.ac.uk/itila/book.html	Information Theory, Inference and Learning Algorithms – David MacKay	['http://www.inference.phy.cam.ac.uk/itila/book.html']	* [Information Theory, Inference and Learning Algorithms](http://www.inference.phy.cam.ac.uk/itila/book.html) – David MacKay;					1.0											
http://www.e-booksdirectory.com/details.php?ebook=1117	Introduction To Machine Learning - Nils J Nilsson (1997)	['http://www.e-booksdirectory.com/details.php?ebook=1117']	* [Introduction To Machine Learning](http://www.e-booksdirectory.com/details.php?ebook=1117) - Nils J Nilsson (1997);					1.0											
http://www.cs.nyu.edu/~mohri/mlbook/	Foundations of Machine Learning - Mehryar Mohri, Afshin Rostamizadeh, and Ameet Talwalkar (2012)	['http://www.cs.nyu.edu/~mohri/mlbook/']	* [Foundations of Machine Learning](http://www.cs.nyu.edu/~mohri/mlbook/) - Mehryar Mohri, Afshin Rostamizadeh, and Ameet Talwalkar (2012);					1.0											
http://1.oito.eu/The-LION-Way-Machine-Learning-plus-Intelligent-Optimization.pdf	The LION Way Machine Learning plus Intelligent Optimization (pdf)	['http://1.oito.eu/The-LION-Way-Machine-Learning-plus-Intelligent-Optimization.pdf']	* [The LION Way Machine Learning plus Intelligent Optimization](http://1.oito.eu/The-LION-Way-Machine-Learning-plus-Intelligent-Optimization.pdf) (pdf);					1.0											1.0
http://personal.disco.unimib.it/Vanneschi/McGrawHill_-_Machine_Learning_-Tom_Mitchell.pdf	Machine Learning - Tom Mitchell	['http://personal.disco.unimib.it/Vanneschi/McGrawHill_-_Machine_Learning_-Tom_Mitchell.pdf']	* [Machine Learning](http://personal.disco.unimib.it/Vanneschi/McGrawHill_-_Machine_Learning_-Tom_Mitchell.pdf) - Tom Mitchell;					1.0											1.0
http://www.mlyearning.org/	Machine Learning – Andrew Ng	['http://www.mlyearning.org/']	* [Machine Learning](http://www.mlyearning.org/) – Andrew Ng;					1.0											
http://www.e-booksdirectory.com/details.php?ebook=1118	Machine Learning, Neural and Statistical Classification - D. Michie, D. J. Spiegelhalter	['http://www.e-booksdirectory.com/details.php?ebook=1118']	* [Machine Learning, Neural and Statistical Classification](http://www.e-booksdirectory.com/details.php?ebook=1118) - D. Michie, D. J. Spiegelhalter;					1.0											
http://www.amazon.com/Machine-Learning-Science-Algorithms-Sense/dp/1107422221/	Machine Learning. The Art of Science of Algorithms that Make Sense of Data - P. Flach (2012)	['http://www.amazon.com/Machine-Learning-Science-Algorithms-Sense/dp/1107422221/']	* [Machine Learning. The Art of Science of Algorithms that Make Sense of Data](http://www.amazon.com/Machine-Learning-Science-Algorithms-Sense/dp/1107422221/) - P. Flach (2012);					1.0											
https://github.com/soulmachine/machine-learning-cheat-sheet/raw/master/machine-learning-cheat-sheet.pdf	Machine learning cheat sheet - soulmachine (2015)	['https://github.com/soulmachine/machine-learning-cheat-sheet/raw/master/machine-learning-cheat-sheet.pdf']	* [Machine learning cheat sheet](https://github.com/soulmachine/machine-learning-cheat-sheet/raw/master/machine-learning-cheat-sheet.pdf) - soulmachine (2015);					1.0											1.0
http://www.amazon.com/Pattern-Recognition-Learning-Information-Statistics/dp/0387310738/	Pattern Recognition and Machine Learning - C.M.Bishop (2006)	['http://www.amazon.com/Pattern-Recognition-Learning-Information-Statistics/dp/0387310738/']	* [Pattern Recognition and Machine Learning](http://www.amazon.com/Pattern-Recognition-Learning-Information-Statistics/dp/0387310738/) - C.M.Bishop (2006);					1.0											
https://www.manning.com/books/machine-learning-in-action	Machine Learning in Action - Peter Harrington	['https://www.manning.com/books/machine-learning-in-action']	* [Machine Learning in Action](https://www.manning.com/books/machine-learning-in-action) - Peter Harrington;					1.0											
http://camdavidsonpilon.github.io/Probabilistic-Programming-and-Bayesian-Methods-for-Hackers/	Probabilistic Programming and Bayesian Methods for Hackers (free)	['http://camdavidsonpilon.github.io/Probabilistic-Programming-and-Bayesian-Methods-for-Hackers/']	* [Probabilistic Programming and Bayesian Methods for Hackers](http://camdavidsonpilon.github.io/Probabilistic-Programming-and-Bayesian-Methods-for-Hackers/) (free);					1.0											
http://www.e-booksdirectory.com/details.php?ebook=1825	Reinforcement Learning: An Introduction - Richard S. Sutton, Andrew G. Barto	['http://www.e-booksdirectory.com/details.php?ebook=1825']	* [Reinforcement Learning: An Introduction](http://www.e-booksdirectory.com/details.php?ebook=1825) - Richard S. Sutton, Andrew G. Barto;					1.0											
http://www.cs.huji.ac.il/%7Eshais/UnderstandingMachineLearning/copy.html	Understanding Machine Learning: From Theory to Algorithms	['http://www.cs.huji.ac.il/%7Eshais/UnderstandingMachineLearning/copy.html']	* [Understanding Machine Learning: From Theory to Algorithms](http://www.cs.huji.ac.il/%7Eshais/UnderstandingMachineLearning/copy.html);					1.0											
http://dmkpress.com/catalog/computer/data/978-5-97060-190-7/	Анализ больших наборов данных - перевод Mining Massive Datasets - Jure Leskovec, Anand Rajaraman, Jeff Ullman	['http://dmkpress.com/catalog/computer/data/978-5-97060-190-7/', 'http://www.mmds.org/']	* [Анализ больших наборов данных](http://dmkpress.com/catalog/computer/data/978-5-97060-190-7/) - перевод [Mining Massive Datasets](http://www.mmds.org/) - Jure Leskovec, Anand Rajaraman, Jeff Ullman;					1.0											
https://www.dropbox.com/s/wkmoxtq0egzcoxc/Flach_P_Machine_Learning_RU.pdf	Машинное обучение — Петер Флах	['https://www.dropbox.com/s/wkmoxtq0egzcoxc/Flach_P_Machine_Learning_RU.pdf']	* [Машинное обучение](https://www.dropbox.com/s/wkmoxtq0egzcoxc/Flach_P_Machine_Learning_RU.pdf) — Петер Флах;					1.0											1.0
https://vk.com/doc190970339_437111950	Построение систем машинного обучения — Л. П. Коэльо, В. Ричарт (2016)	['https://vk.com/doc190970339_437111950']	* [Построение систем машинного обучения](https://vk.com/doc190970339_437111950) — Л. П. Коэльо, В. Ричарт (2016).					1.0			1.0								
https://www.quora.com/What-are-the-best-online-college-level-mathematics-courses	Перечень лучших курсов по практически любым областям математики	['https://www.quora.com/What-are-the-best-online-college-level-mathematics-courses']	* [Перечень лучших курсов по практически любым областям математики](https://www.quora.com/What-are-the-best-online-college-level-mathematics-courses);					1.0											
https://github.com/prakhar1989/awesome-courses	Тонна разнообразных курсов по программированию, алгоритмам, в том числе 14 курсов по ML	['https://github.com/prakhar1989/awesome-courses']	* [Тонна разнообразных курсов по программированию, алгоритмам, в том числе 14 курсов по ML](https://github.com/prakhar1989/awesome-courses);					1.0											
https://www.coursera.org/learn/machine-learning	Machine Learning от Andrew Ng (Stanford University) – самый популярный курс по машинному обучению (осторожно, вместо стандартных Питона или R – Matlab/Octave)	['https://www.coursera.org/learn/machine-learning']	* :small_blue_diamond: [Machine Learning](https://www.coursera.org/learn/machine-learning) от Andrew Ng (Stanford University) – самый популярный курс по машинному обучению (осторожно, вместо стандартных Питона или R – Matlab/Octave);					1.0										1.0	
https://www.coursera.org/specializations/mashinnoye-obucheniye	Специализация Машинное обучение от МФТИ и Яндекса. У меня по этой специализации есть аккуратный репозиторий	['https://www.coursera.org/specializations/mashinnoye-obucheniye', 'https://github.com/demidovakatya/mashinnoye-obucheniye']	* :small_blue_diamond: Специализация [Машинное обучение](https://www.coursera.org/specializations/mashinnoye-obucheniye) от МФТИ и Яндекса. У меня по этой специализации есть аккуратный [:octocat: репозиторий](https://github.com/demidovakatya/mashinnoye-obucheniye);					1.0										1.0	
https://www.coursera.org/learn/ml-foundations/home/info	Machine Learning Foundations: A Case Study Approach — очень доходчивый курс, подходит в качестве самого первого курса по ML	['https://www.coursera.org/learn/ml-foundations/home/info']	* [Machine Learning Foundations: A Case Study Approach](https://www.coursera.org/learn/ml-foundations/home/info) — очень доходчивый курс, подходит в качестве самого первого курса по ML;					1.0										1.0	
https://www.coursera.org/learn/predictive-analytics/	Practical Predictive Analytics: Models and Methods	['https://www.coursera.org/learn/predictive-analytics/']	* [Practical Predictive Analytics: Models and Methods](https://www.coursera.org/learn/predictive-analytics/);					1.0										1.0	
https://www.coursera.org/learn/single-variable-calculus	Calculus: Single Variable Part 1 от University of Pennsylvania	['https://www.coursera.org/learn/single-variable-calculus']	* [Calculus: Single Variable Part 1](https://www.coursera.org/learn/single-variable-calculus) от University of Pennsylvania;					1.0										1.0	
https://www.coursera.org/learn/calculus1	Calculus One от The Ohio State University	['https://www.coursera.org/learn/calculus1']	* [Calculus One](https://www.coursera.org/learn/calculus1) от The Ohio State University;					1.0										1.0	
https://www.coursera.org/learn/probability-theory-basics/home/info	Теория вероятностей для начинающих, а также на OpenEdu — курс от МФТИ, ведёт Райгородский А.М.	['https://www.coursera.org/learn/probability-theory-basics/home/info', 'https://openedu.ru/course/mipt/PROBTH/']	* [Теория вероятностей для начинающих](https://www.coursera.org/learn/probability-theory-basics/home/info), а также [на OpenEdu](https://openedu.ru/course/mipt/PROBTH/) — курс от МФТИ, ведёт Райгородский А.М.;					1.0										1.0	
https://www.coursera.org/course/linalg	Линейная алгебра от ВШЭ. Курс линейной алгебры для нематематических факультетов, подходит «для быстрого старта»	['https://www.coursera.org/course/linalg']	* [Линейная алгебра](https://www.coursera.org/course/linalg) от ВШЭ. Курс линейной алгебры для нематематических факультетов, подходит «для быстрого старта»;					1.0								1.0		1.0	
https://www.coursera.org/learn/ekonometrika/	Эконометрика (Econometrics) — 10-недельный курс от ВШЭ	['https://www.coursera.org/learn/ekonometrika/']	* [Эконометрика](https://www.coursera.org/learn/ekonometrika/) (Econometrics) — 10-недельный курс от ВШЭ;					1.0										1.0	
https://www.coursera.org/learn/wharton-customer-analytics	Customer Analytics – курс о практическом применении статистики и анализа данных. Для людей, разочаровавшихся в DS и не понимающих, на кой это всё	['https://www.coursera.org/learn/wharton-customer-analytics']	* [Customer Analytics](https://www.coursera.org/learn/wharton-customer-analytics) – курс о практическом применении статистики и анализа данных. Для людей, разочаровавшихся в DS и не понимающих, на кой это всё;					1.0										1.0	
https://www.coursera.org/course/sna	Social Network Analysis от University of Michigan	['https://www.coursera.org/course/sna']	* [Social Network Analysis](https://www.coursera.org/course/sna) от University of Michigan;					1.0										1.0	
https://www.coursera.org/course/networksonline	Social and Economic Networks: Models and Analysis от Stanford University	['https://www.coursera.org/course/networksonline']	* [Social and Economic Networks: Models and Analysis](https://www.coursera.org/course/networksonline) от Stanford University;					1.0										1.0	
https://www.coursera.org/learn/recommender-systems	Introduction to Recommender Systems – восьминедельный курс по рекомендательным системам от университета Миннесоты	['https://www.coursera.org/learn/recommender-systems']	* [Introduction to Recommender Systems](https://www.coursera.org/learn/recommender-systems) – восьминедельный курс по рекомендательным системам от университета Миннесоты;					1.0										1.0	
https://www.coursera.org/specializations/machine-learning	Специализация Machine Learning от Washington University	['https://www.coursera.org/specializations/machine-learning']	* Специализация [Machine Learning](https://www.coursera.org/specializations/machine-learning) от Washington University.					1.0										1.0	
https://www.udacity.com/course/machine-learning-engineer-nanodegree--nd009	Machine Learning Engineer Nanodegree	['https://www.udacity.com/course/machine-learning-engineer-nanodegree--nd009']	* [Machine Learning Engineer Nanodegree](https://www.udacity.com/course/machine-learning-engineer-nanodegree--nd009);					1.0										1.0	
https://www.udacity.com/course/data-analyst-nanodegree--nd002	Data Analyst Nanodegree	['https://www.udacity.com/course/data-analyst-nanodegree--nd002']	* [Data Analyst Nanodegree](https://www.udacity.com/course/data-analyst-nanodegree--nd002);					1.0										1.0	
https://www.udacity.com/courses/ud120	Intro to Machine Learning — this will teach you the end-to-end process of investigating data through a machine learning lens	['https://www.udacity.com/courses/ud120']	* [Intro to Machine Learning](https://www.udacity.com/courses/ud120) — this will teach you the end-to-end process of investigating data through a machine learning lens;					1.0										1.0	
https://www.udacity.com/courses/ud827	Intro to Descriptive Statistics – подробный курс для новичков	['https://www.udacity.com/courses/ud827']	* [Intro to Descriptive Statistics](https://www.udacity.com/courses/ud827) – подробный курс для новичков;					1.0										1.0	
https://www.edx.org/xseries/data-science-engineering-spark#courses	Data Science and Engineering with Spark	['https://www.edx.org/xseries/data-science-engineering-spark#courses']	* [Data Science and Engineering with Spark](https://www.edx.org/xseries/data-science-engineering-spark#courses);					1.0										1.0	
https://www.edx.org/course/introduction-computational-thinking-data-mitx-6-00-2x-3	Introduction to Computational Thinking and Data Science	['https://www.edx.org/course/introduction-computational-thinking-data-mitx-6-00-2x-3']	* [Introduction to Computational Thinking and Data Science](https://www.edx.org/course/introduction-computational-thinking-data-mitx-6-00-2x-3);					1.0										1.0	
https://www.edx.org/course/analytics-edge-mitx-15-071x-2	The Analytics Edge	['https://www.edx.org/course/analytics-edge-mitx-15-071x-2']	* [The Analytics Edge](https://www.edx.org/course/analytics-edge-mitx-15-071x-2);					1.0										1.0	
https://work.caltech.edu/telecourse.html	Learning from Data – введение в машинное обучение (основная теория, алгоритмы и области практического применения)	['https://work.caltech.edu/telecourse.html']	* [Learning from Data](https://work.caltech.edu/telecourse.html) – введение в машинное обучение (основная теория, алгоритмы и области практического применения);					1.0											
https://yandexdataschool.ru/edu-process/courses	Видеозаписи лекций Школы Анализа Данных	['https://yandexdataschool.ru/edu-process/courses']	* [Видеозаписи лекций Школы Анализа Данных](https://yandexdataschool.ru/edu-process/courses);					1.0											
https://www.datacamp.com/courses/intro-to-python-for-data-science	Intro to Python for Data Science – основы Python и немного про NumPy	['https://www.datacamp.com/courses/intro-to-python-for-data-science']	* [Intro to Python for Data Science](https://www.datacamp.com/courses/intro-to-python-for-data-science) – основы Python и немного про NumPy;					1.0							1.0			1.0	
http://stepic.org	Курс по статистике на stepic.org — качественное введение в статистику, целиком на русском языке	['http://stepic.org']	* :small_blue_diamond: Курс по статистике на [stepic.org](http://stepic.org) — качественное введение в статистику, целиком на русском языке;					1.0										1.0	
https://mva.microsoft.com/en-US/training-courses/data-science-and-machine-learning-essentials-14100	Data Science and Machine Learning Essentials от Microsoft	['https://mva.microsoft.com/en-US/training-courses/data-science-and-machine-learning-essentials-14100']	* [Data Science and Machine Learning Essentials](https://mva.microsoft.com/en-US/training-courses/data-science-and-machine-learning-essentials-14100) от Microsoft;					1.0											
http://vision.stanford.edu/teaching/cs231n/	CS231n: Convolutional Neural Networks for Visual Recognition (repo on github) — отличный десятинедельный курс по нейросетям и компьютерному зрению	['http://vision.stanford.edu/teaching/cs231n/', 'https://github.com/cs231n']	* [CS231n: Convolutional Neural Networks for Visual Recognition](http://vision.stanford.edu/teaching/cs231n/) ([:octocat: repo on github](https://github.com/cs231n)) — отличный десятинедельный курс по нейросетям и компьютерному зрению.					1.0											
https://telegram.me/deeplearning_ru	Deep Learning Russia — Канал сообщества vk.com/deeplearning_ru	['https://telegram.me/deeplearning_ru']	* [Deep Learning Russia](https://telegram.me/deeplearning_ru) — Канал сообщества vk.com/deeplearning_ru					1.0			1.0								
https://telegram.me/modeloverfit	ModelOverfit — Канал сообщества modeloverfit	['https://telegram.me/modeloverfit']	* [ModelOverfit](https://telegram.me/modeloverfit) — Канал сообщества modeloverfit					1.0			1.0								
https://telegram.me/opendatascience	Data Science — Первый новостной канал про data science	['https://telegram.me/opendatascience']	* [Data Science](https://telegram.me/opendatascience) — Первый новостной канал про data science					1.0			1.0								
https://telegram.me/bigdata_ru	Big Data & Machine Learning — Чат по большим данным, обработке и машинному обучению	['https://telegram.me/bigdata_ru']	* [Big Data & Machine Learning](https://telegram.me/bigdata_ru) — Чат по большим данным, обработке и машинному обучению					1.0			1.0								
https://telegram.me/datasciencechat	Data Science Chat — Чат по теме Data Science	['https://telegram.me/datasciencechat']	* [Data Science Chat](https://telegram.me/datasciencechat) — Чат по теме Data Science					1.0			1.0								
https://www.kaggle.com/datasets	Kaggle	['https://www.kaggle.com/datasets']	* :small_blue_diamond: [Kaggle](https://www.kaggle.com/datasets);						1.0										
https://cloud.google.com/bigquery/public-data/	Google’s Public Data Sets	['https://cloud.google.com/bigquery/public-data/']	* [Google’s Public Data Sets](https://cloud.google.com/bigquery/public-data/);						1.0										
https://www.reddit.com/r/datasets	/r/datasets	['https://www.reddit.com/r/datasets']	* [/r/datasets](https://www.reddit.com/r/datasets);						1.0		1.0								
http://archive.ics.uci.edu/ml/	UCI Machine Learning Repository	['http://archive.ics.uci.edu/ml/']	* [UCI Machine Learning Repository](http://archive.ics.uci.edu/ml/);						1.0										
https://github.com/caesar0301/awesome-public-datasets	awesome-public-datasets – an awesome list of high-quality open datasets in public domains (on-going)	['https://github.com/caesar0301/awesome-public-datasets']	* [awesome-public-datasets](https://github.com/caesar0301/awesome-public-datasets) – an awesome list of high-quality open datasets in public domains (on-going).						1.0										
https://stepic.org/s/eg4Xe6Ry	Нейронные сети на stepic — теоретические и практические основы искусственных нейронных сетей от Института Биоинформатики	['https://stepic.org/s/eg4Xe6Ry']	* [Нейронные сети на stepic](https://stepic.org/s/eg4Xe6Ry) — теоретические и практические основы искусственных нейронных сетей от Института Биоинформатики;							1.0								1.0	
https://ulearn.azurewebsites.net/Course/AIML/	Искусственный интеллект и машинное обучение — приятные и качественные лекции по широкому набору тем. Один из немногих из источников на русском языке	['https://ulearn.azurewebsites.net/Course/AIML/']	* [Искусственный интеллект и машинное обучение](https://ulearn.azurewebsites.net/Course/AIML/) — приятные и качественные лекции по широкому набору тем. Один из немногих из источников на русском языке;							1.0									
https://www.coursera.org/course/neuralnets	Neural Networks for Machine Learning. Цитата: «Я уже использовал фразу 'живая легенда' и теперь испытываю сложности, поскольку как-то иначе охарактеризовать Джеффри Хинтона (человека, стоящего у истоков современных подходов к обучению нейросетей с помощью алгоритма обратного распространения ошибки) сложно. Курс у него получился отличный»	['https://www.coursera.org/course/neuralnets']	"* [Neural Networks for Machine Learning](https://www.coursera.org/course/neuralnets). Цитата: «Я уже использовал фразу ""живая легенда"" и теперь испытываю сложности, поскольку как-то иначе охарактеризовать Джеффри Хинтона (человека, стоящего у истоков современных подходов к обучению нейросетей с помощью алгоритма обратного распространения ошибки) сложно. Курс у него получился отличный»;"							1.0								1.0	
http://neuralnetworksanddeeplearning.com/index.html	Neural Networks and Deep Learning – бесплатная онлайн-книга по нейросетям и глубинному обучению (repo on github)	['http://neuralnetworksanddeeplearning.com/index.html', 'https://github.com/mnielsen/neural-networks-and-deep-learning']	* [Neural Networks and Deep Learning](http://neuralnetworksanddeeplearning.com/index.html) – бесплатная онлайн-книга по нейросетям и глубинному обучению ([:octocat: repo on github](https://github.com/mnielsen/neural-networks-and-deep-learning));							1.0									
http://vision.stanford.edu/teaching/cs231n/	CS231n: Convolutional Neural Networks for Visual Recognition (repo on github). During the 10-week course, students will learn to implement, train and debug their own neural networks and gain a detailed understanding of cutting-edge research in computer vision	['http://vision.stanford.edu/teaching/cs231n/', 'https://github.com/cs231n']	* [CS231n: Convolutional Neural Networks for Visual Recognition](http://vision.stanford.edu/teaching/cs231n/) ([:octocat: repo on github](https://github.com/cs231n)). During the 10-week course, students will learn to implement, train and debug their own neural networks and gain a detailed understanding of cutting-edge research in computer vision;							1.0									
http://playground.tensorflow.org/	Tensorflow — Neural Network Playground – игрушечные нейросети в браузере (исходный код)	['http://playground.tensorflow.org/', 'https://github.com/tensorflow/playground']	* [Tensorflow — Neural Network Playground](http://playground.tensorflow.org/) – игрушечные нейросети в браузере ([:octocat: исходный код](https://github.com/tensorflow/playground));							1.0									
https://github.com/kjw0612/awesome-rnn	awesome-rnn – awesome recurrent neural networks	['https://github.com/kjw0612/awesome-rnn']	* [awesome-rnn](https://github.com/kjw0612/awesome-rnn) – awesome recurrent neural networks;							1.0									
https://github.com/jacobandreas/nmn2	nmn2 – dynamically predicted neural network structures for multi-domain question answering	['https://github.com/jacobandreas/nmn2']	* [nmn2](https://github.com/jacobandreas/nmn2) – dynamically predicted neural network structures for multi-domain question answering;							1.0									
https://www.nervanasys.com/deep-learning-tutorials/	Nervana's Deep Learning Course	['https://www.nervanasys.com/deep-learning-tutorials/']	* [Nervana's Deep Learning Course](https://www.nervanasys.com/deep-learning-tutorials/).							1.0									
https://omtcyfz.github.io/2016/08/29/Deep-Learning-Resources.html	A great list of deep learning resources	['https://omtcyfz.github.io/2016/08/29/Deep-Learning-Resources.html']	* [A great list of deep learning resources](https://omtcyfz.github.io/2016/08/29/Deep-Learning-Resources.html);							1.0									
https://github.com/weiliu89/caffe	Caffe – a fast open framework for deep learning	['https://github.com/weiliu89/caffe']	* [Caffe](https://github.com/weiliu89/caffe) – a fast open framework for deep learning;							1.0									
https://www.udacity.com/course/deep-learning--ud730	Deep Learning от Google — короткий курс для продвинутых. Основное внимание уделяется библиотеке для глубинного обучения TensorFlow	['https://www.udacity.com/course/deep-learning--ud730']	* [Deep Learning](https://www.udacity.com/course/deep-learning--ud730) от Google — короткий курс для продвинутых. Основное внимание уделяется библиотеке для глубинного обучения TensorFlow;							1.0								1.0	
https://www.youtube.com/playlist?list=PLE6Wd9FR--EfW8dtjAuPoTuPcqmOV53Fu	Deep Learning at Oxford (2015) – a YouTube playlist with lectures (read more)	['https://www.youtube.com/playlist?list=PLE6Wd9FR--EfW8dtjAuPoTuPcqmOV53Fu', 'http://www.cs.ox.ac.uk/teaching/courses/2014-2015/ml/']	* [Deep Learning at Oxford](https://www.youtube.com/playlist?list=PLE6Wd9FR--EfW8dtjAuPoTuPcqmOV53Fu) (2015) – a YouTube playlist with lectures ([read more](http://www.cs.ox.ac.uk/teaching/courses/2014-2015/ml/));							1.0							1.0		
https://github.com/kjw0612/awesome-deep-vision	awesome-deep-vision – a curated list of deep learning resources for computer vision	['https://github.com/kjw0612/awesome-deep-vision']	* [awesome-deep-vision](https://github.com/kjw0612/awesome-deep-vision) – a curated list of deep learning resources for computer vision;							1.0									
https://github.com/terryum/awesome-deep-learning-papers	awesome-deep-learning-papers – a curated list of the most cited deep learning papers (since 2010)	['https://github.com/terryum/awesome-deep-learning-papers']	* [awesome-deep-learning-papers](https://github.com/terryum/awesome-deep-learning-papers) – a curated list of the most cited deep learning papers (since 2010);							1.0									
https://github.com/subokita/DeepLearningTutorials	Deep Learning Tutorials – notes and code	['https://github.com/subokita/DeepLearningTutorials']	* [Deep Learning Tutorials](https://github.com/subokita/DeepLearningTutorials) – notes and code;							1.0									
https://github.com/saiprashanths/dl-docker	dl-docker – an all-in-one Docker image for deep learning. Contains all the popular DL frameworks (TensorFlow, Theano, Torch, Caffe, etc.)	['https://github.com/saiprashanths/dl-docker']	* [dl-docker](https://github.com/saiprashanths/dl-docker) – an all-in-one Docker image for deep learning. Contains all the popular DL frameworks (TensorFlow, Theano, Torch, Caffe, etc.);							1.0									
https://developer.nvidia.com/deep-learning-courses	Self-Study Courses for Deep Learning от NVDIA — self-paced classes for deep learning that feature interactive lectures, hands-on exercises, and recordings of the office hours Q&A with instructors. You’ll learn everything you need to design, train, and integrate neural network-powered artificial intelligence into your applications with widely used open-source frameworks and NVIDIA software. During the hands-on exercises, you will use GPUs and deep learning software in the cloud	['https://developer.nvidia.com/deep-learning-courses']	* [Self-Study Courses for Deep Learning](https://developer.nvidia.com/deep-learning-courses) от NVDIA — self-paced classes for deep learning that feature interactive lectures, hands-on exercises, and recordings of the office hours Q&A with instructors. You’ll learn everything you need to design, train, and integrate neural network-powered artificial intelligence into your applications with widely used open-source frameworks and NVIDIA software. During the hands-on exercises, you will use GPUs and deep learning software in the cloud;							1.0									
https://github.com/carpedm20/deep-rl-tensorflow	deep-rl-tensorflow - ensorFlow implementation of Deep Reinforcement Learning papers	['https://github.com/carpedm20/deep-rl-tensorflow']	* [deep-rl-tensorflow](https://github.com/carpedm20/deep-rl-tensorflow) - ensorFlow implementation of Deep Reinforcement Learning papers;							1.0									
https://github.com/sjchoi86/Tensorflow-101	TensorFlow 101 – Tensorflow tutorials	['https://github.com/sjchoi86/Tensorflow-101']	* [TensorFlow 101](https://github.com/sjchoi86/Tensorflow-101) – Tensorflow tutorials;							1.0									
https://github.com/rouseguy/scipyUS2016_dl-image	Introduction to Deep Learning for Image Recognition – this notebook accompanies the Introduction to Deep Learning for Image Recognition workshop to explain the core concepts of deep learning with emphasis on classifying images as the application	['https://github.com/rouseguy/scipyUS2016_dl-image']	* [Introduction to Deep Learning for Image Recognition](https://github.com/rouseguy/scipyUS2016_dl-image) – this notebook accompanies the Introduction to Deep Learning for Image Recognition workshop to explain the core concepts of deep learning with emphasis on classifying images as the application;							1.0									
https://www.coursera.org/course/nlp	Natural Language Processing – курс от Stanford University на Coursera	['https://www.coursera.org/course/nlp']	* [Natural Language Processing](https://www.coursera.org/course/nlp) – курс от Stanford University на Coursera;							1.0								1.0	
https://www.coursera.org/learn/nlpintro	Introduction to Natural Language Processing	['https://www.coursera.org/learn/nlpintro']	* [Introduction to Natural Language Processing](https://www.coursera.org/learn/nlpintro);							1.0								1.0	
https://www.coursera.org/course/nlangp	Natural Language Processing – курс от Columbia University	['https://www.coursera.org/course/nlangp']	* [Natural Language Processing](https://www.coursera.org/course/nlangp) – курс от Columbia University;							1.0								1.0	
https://github.com/rouseguy/europython2016_dl-nlp	Introduction to Deep Learning for Natural Language Processing	['https://github.com/rouseguy/europython2016_dl-nlp']	* [Introduction to Deep Learning for Natural Language Processing](https://github.com/rouseguy/europython2016_dl-nlp).							1.0									
https://www.reddit.com/r/datacleaning	/r/datacleaning	['https://www.reddit.com/r/datacleaning']	* [/r/datacleaning](https://www.reddit.com/r/datacleaning)								1.0								
https://www.reddit.com/r/dataisbeautiful	/r/dataisbeautiful	['https://www.reddit.com/r/dataisbeautiful']	* [/r/dataisbeautiful](https://www.reddit.com/r/dataisbeautiful)								1.0								
https://www.reddit.com/r/dataisugly	/r/dataisugly	['https://www.reddit.com/r/dataisugly']	* [/r/dataisugly](https://www.reddit.com/r/dataisugly)								1.0								
https://www.reddit.com/r/datasets	/r/datasets	['https://www.reddit.com/r/datasets']	* [/r/datasets](https://www.reddit.com/r/datasets)								1.0								
https://www.reddit.com/r/MachineLearning	/r/MachineLearning	['https://www.reddit.com/r/MachineLearning']	* [/r/MachineLearning](https://www.reddit.com/r/MachineLearning)								1.0								
https://www.reddit.com/r/probabilitytheory	/r/probabilitytheory	['https://www.reddit.com/r/probabilitytheory']	* [/r/probabilitytheory](https://www.reddit.com/r/probabilitytheory)								1.0								
https://www.reddit.com/r/statistics	/r/statistics	['https://www.reddit.com/r/statistics']	* [/r/statistics](https://www.reddit.com/r/statistics)								1.0								
https://www.reddit.com/r/pystats	/r/pystats	['https://www.reddit.com/r/pystats']	* [/r/pystats](https://www.reddit.com/r/pystats)								1.0								
https://www.reddit.com/r/learnpython	/r/learnpython	['https://www.reddit.com/r/learnpython']	* [/r/learnpython](https://www.reddit.com/r/learnpython)								1.0								
http://zelmanov.ptep-online.com/ctan/lshort_russian.pdf	Не очень краткое введение в LateX (PDF)	['http://zelmanov.ptep-online.com/ctan/lshort_russian.pdf']	* [Не очень краткое введение в LateX (PDF)](http://zelmanov.ptep-online.com/ctan/lshort_russian.pdf),									1.0							1.0
http://www.texstudio.org/](http://www.texstudio.org/	www.texstudio.org/	['http://www.texstudio.org/](http://www.texstudio.org/']	* [http://www.texstudio.org/](http://www.texstudio.org/),									1.0							
https://www.lyx.org/](https://www.lyx.org/	www.lyx.org/	['https://www.lyx.org/](https://www.lyx.org/']	* [https://www.lyx.org/](https://www.lyx.org/),									1.0							
https://www.coursera.org/course/latex	Курс по LateX на Coursera от Высшей Школы Экономики*	['https://www.coursera.org/course/latex']	* [Курс по LateX](https://www.coursera.org/course/latex) на Coursera от Высшей Школы Экономики*,									1.0						1.0	
https://vk.com/hse.latex](https://vk.com/hse.latex	vk.com/hse.latex – группа курса vk (много полезного и разного)	['https://vk.com/hse.latex](https://vk.com/hse.latex']	* [https://vk.com/hse.latex](https://vk.com/hse.latex) – группа курса vk  (много полезного и разного).								1.0	1.0							
http://www.jetbrains.com/pycharm/	PyCharm от JetBrains - серьезная IDE для больших проектов	['http://www.jetbrains.com/pycharm/']	* :small_blue_diamond: [PyCharm от JetBrains](http://www.jetbrains.com/pycharm/) - серьезная IDE для больших проектов;										1.0						
https://pythonhosted.org/spyder/	Spyder – the Scientific PYthon Development EnviRonment. Spyder входит в Анаконду (просто введите `spyder` в командной строке)	['https://pythonhosted.org/spyder/']	* [Spyder](https://pythonhosted.org/spyder/) – the Scientific PYthon Development EnviRonment. Spyder входит в Анаконду (просто введите `spyder` в командной строке);										1.0						
https://store.enthought.com/downloads/#default	Canopy — scientific and analytic Python deployment with integrated analysis environment (рекомендуют в курсе MITx)	['https://store.enthought.com/downloads/#default']	* [Canopy](https://store.enthought.com/downloads/#default) — scientific and analytic Python deployment with integrated analysis environment (рекомендуют в курсе MITx);										1.0						
http://blog.yhat.com/posts/introducing-rodeo.html	Rodeo — a data science IDE for Python	['http://blog.yhat.com/posts/introducing-rodeo.html']	* [Rodeo](http://blog.yhat.com/posts/introducing-rodeo.html) — a data science IDE for Python;										1.0						
http://jupyter.org	Jupyter – open source, interactive data science and scientific computing across over 40 programming languages. The Jupyter Notebook is a web application that allows you to create and share documents that contain live code, equations, visualizations and explanatory text	['http://jupyter.org']	* :small_blue_diamond: [Jupyter](http://jupyter.org) – open source, interactive data science and scientific computing across over 40 programming languages. The Jupyter Notebook is a web application that allows you to create and share documents that contain live code, equations, visualizations and explanatory text;										1.0						
http://nbviewer.jupyter.org	nbviewer – renders notebooks available on other websites	['http://nbviewer.jupyter.org']	* [nbviewer](http://nbviewer.jupyter.org) – renders notebooks available on other websites;										1.0						
https://packagecontrol.io/	Package Control - для быстрой и удобной работы с дополнениями	['https://packagecontrol.io/']	+  [Package Control](https://packagecontrol.io/) - для быстрой и удобной работы с дополнениями;										1.0						
https://packagecontrol.io/packages/Git	Git - для работы с git	['https://packagecontrol.io/packages/Git']	+  [Git](https://packagecontrol.io/packages/Git) - для работы с git;										1.0						
https://packagecontrol.io/packages/Jedi%20-%20Python%20autocompletion	Jedi - делает автодополнения для Python более умными и глубокими	['https://packagecontrol.io/packages/Jedi%20-%20Python%20autocompletion']	+  [Jedi](https://packagecontrol.io/packages/Jedi%20-%20Python%20autocompletion) - делает автодополнения для Python более умными и глубокими;										1.0						
https://packagecontrol.io/packages/SublimeREPL	SublimeREPL - запускает `Read-eval-print loop` в соседней вкладке, удобно для пошаговой отладки кода	['https://packagecontrol.io/packages/SublimeREPL']	+  [SublimeREPL](https://packagecontrol.io/packages/SublimeREPL) - запускает `Read-eval-print loop` в соседней вкладке, удобно для пошаговой отладки кода;										1.0						
https://packagecontrol.io/packages/AutoPEP8	Auto-PEP8 - приводит код в соответствие с каноном стиля *pep8*	['https://packagecontrol.io/packages/AutoPEP8']	+  [Auto-PEP8](https://packagecontrol.io/packages/AutoPEP8) - приводит код в соответствие с каноном стиля *pep8*;										1.0						
https://packagecontrol.io/packages/Python%20Checker	Python Checker - проверка кода	['https://packagecontrol.io/packages/Python%20Checker']	+  [Python Checker](https://packagecontrol.io/packages/Python%20Checker) - проверка кода.										1.0						
https://opensourcehacker.com/2015/05/02/pycharm-vs-sublime-text/	PyCharm vs Sublime Text – a blog post comparing these two popular development tools and text editors	['https://opensourcehacker.com/2015/05/02/pycharm-vs-sublime-text/']	* [PyCharm vs Sublime Text](https://opensourcehacker.com/2015/05/02/pycharm-vs-sublime-text/) – a blog post comparing these two popular development tools and text editors.										1.0						
https://www.python.org/dev/peps/pep-0008/	PEP 0008 -- Style Guide for Python Code. Важно, нужно	['https://www.python.org/dev/peps/pep-0008/']	* [PEP 0008](https://www.python.org/dev/peps/pep-0008/) -- Style Guide for Python Code. Важно, нужно.										1.0						
https://github.com/d3/d3/wiki/Gallery	d3.js	['https://github.com/d3/d3/wiki/Gallery']	* [d3.js](https://github.com/d3/d3/wiki/Gallery)											1.0					
http://www.jscharts.com/	JS Charts – a JavaScript based chart generator that requires little or no coding. With JS Charts drawing charts is a simple and easy task, since you only have to use client-side scripting	['http://www.jscharts.com/']	* [JS Charts](http://www.jscharts.com/) – a JavaScript based chart generator that requires little or no coding. With JS Charts drawing charts is a simple and easy task, since you only have to use client-side scripting											1.0					
http://www.lutanho.net/	LT Diagram Builder	['http://www.lutanho.net/']	* [LT Diagram Builder](http://www.lutanho.net/)											1.0					
http://www.flotcharts.org/	Flot – a pure JavaScript plotting library for jQuery, with a focus on simple usage, attractive looks and interactive features	['http://www.flotcharts.org/']	* [Flot](http://www.flotcharts.org/) – a pure JavaScript plotting library for jQuery, with a focus on simple usage, attractive looks and interactive features											1.0					
	Canvas 3D Graph	[]	* Canvas 3D Graph											1.0					
	JQuery Visualize Plugin	[]	* JQuery Visualize Plugin											1.0					
	PlotKit	[]	* PlotKit											1.0					
http://www.ajaxline.com/10-best-free-javascript-charts-solutions	www.ajaxline.com/10-best-free-javascript-charts-solutions	['http://www.ajaxline.com/10-best-free-javascript-charts-solutions']	* http://www.ajaxline.com/10-best-free-javascript-charts-solutions											1.0					
http://webtecker.com/2008/06/12/10-free-chart-scripts/	webtecker.com/2008/06/12/10-free-chart-scripts/	['http://webtecker.com/2008/06/12/10-free-chart-scripts/']	* http://webtecker.com/2008/06/12/10-free-chart-scripts/											1.0					
	raphaeljs.com	[]	* raphaeljs.com											1.0					
	www.deensoft.com/lab/protochart/	[]	* www.deensoft.com/lab/protochart/											1.0					
http://teethgrinder.co.uk/open-flash-chart-2	teethgrinder.co.uk/open-flash-chart-2	['http://teethgrinder.co.uk/open-flash-chart-2']	* http://teethgrinder.co.uk/open-flash-chart-2											1.0					
http://re9ulus.github.io/2016/01/09/ipython-notebook/	Заметка по IPython Notebook	['http://re9ulus.github.io/2016/01/09/ipython-notebook/']	* Заметка по [IPython Notebook](http://re9ulus.github.io/2016/01/09/ipython-notebook/);												1.0				
https://winpython.github.io	WinPython – дистрибутив питона и научных библиотек (+Jupyter, +Spyder) для Windows 7/8/10 (репозиторий на гитхабе)	['https://winpython.github.io', 'https://github.com/winpython/winpython']	* [WinPython](https://winpython.github.io) – дистрибутив питона и научных библиотек (+Jupyter, +Spyder) для Windows 7/8/10 ([:octocat: репозиторий на гитхабе](https://github.com/winpython/winpython));												1.0				
https://github.com/Junnplus/awesome-python-books	awesome-python-books - Directory of Python books	['https://github.com/Junnplus/awesome-python-books']	* [awesome-python-books](https://github.com/Junnplus/awesome-python-books) - Directory of Python books;												1.0				
http://www.analyticsvidhya.com/blog/2014/09/data-munging-python-using-pandas-baby-steps-python/	Статья Data Munging in Python (using Pandas) — в помощь тем, кто в первый раз столкнулся с Python и/или Pandas	['http://www.analyticsvidhya.com/blog/2014/09/data-munging-python-using-pandas-baby-steps-python/']	* Статья [Data Munging in Python (using Pandas)](http://www.analyticsvidhya.com/blog/2014/09/data-munging-python-using-pandas-baby-steps-python/) — в помощь тем, кто в первый раз столкнулся с Python и/или Pandas;												1.0				
https://github.com/lancelote/interpy-ru	Intermediate Python — (переведённое на русский!) краткое онлайн-руководство по нюансам языка, мимо которых часто проходят новички (автор — Yasoob Khalid)	['https://github.com/lancelote/interpy-ru']	* [Intermediate Python](https://github.com/lancelote/interpy-ru)  — (переведённое на русский!) краткое онлайн-руководство по нюансам языка, мимо которых часто проходят новички (автор — Yasoob Khalid);												1.0				
http://www.effectivepython.com/	Effective Python — книга от разработчика из Google	['http://www.effectivepython.com/']	* [Effective Python](http://www.effectivepython.com/) — книга от разработчика из Google;												1.0				
https://github.com/Dyakonov/notebooks/blob/master/dj_sklearn_intro.ipynb	Введение в Sklearn — подробный IPython-notebook на русском языке	['https://github.com/Dyakonov/notebooks/blob/master/dj_sklearn_intro.ipynb']	* [Введение в Sklearn](https://github.com/Dyakonov/notebooks/blob/master/dj_sklearn_intro.ipynb) — подробный IPython-notebook на русском языке;												1.0				
http://www.labri.fr/perso/nrougier/teaching/matplotlib/matplotlib.html	Туториал по Matplotlib	['http://www.labri.fr/perso/nrougier/teaching/matplotlib/matplotlib.html']	* [Туториал по Matplotlib](http://www.labri.fr/perso/nrougier/teaching/matplotlib/matplotlib.html);												1.0				
http://matplotlib.org/1.4.1/mpl_examples/color/named_colors.hires.png	Таблица названий цветов (png) в Python	['http://matplotlib.org/1.4.1/mpl_examples/color/named_colors.hires.png']	* [Таблица названий цветов (png)](http://matplotlib.org/1.4.1/mpl_examples/color/named_colors.hires.png) в Python;												1.0				
http://playittodeath.ru/анализ-данных-при-помощи-python-графики-в-pandas/	Анализ данных при помощи Python – большая статья про графики в pandas и matplotlib	['http://playittodeath.ru/анализ-данных-при-помощи-python-графики-в-pandas/']	* [Анализ данных при помощи Python](http://playittodeath.ru/анализ-данных-при-помощи-python-графики-в-pandas/) – большая статья про графики в pandas и matplotlib;												1.0				
http://www.scipy-lectures.org/index.html	Scipy lecture notes — tutorials on the scientific Python ecosystem: a quick introduction to central tools and techniques	['http://www.scipy-lectures.org/index.html']	* [Scipy lecture notes](http://www.scipy-lectures.org/index.html) — tutorials on the scientific Python ecosystem: a quick introduction to central tools and techniques;												1.0				
https://github.com/ipython/ipython/wiki/A-gallery-of-interesting-IPython-Notebooks	Очень большой список интересных питоновских ноутбуков (от туториалов на три минуты, до целых книг (!) в таком формате)	['https://github.com/ipython/ipython/wiki/A-gallery-of-interesting-IPython-Notebooks']	* Очень [большой список](https://github.com/ipython/ipython/wiki/A-gallery-of-interesting-IPython-Notebooks) интересных питоновских ноутбуков (от туториалов на три минуты, до целых книг (!) в таком формате);												1.0				
https://github.com/donnemartin/data-science-ipython-notebooks	Data Science IPython Notebooks on Deep learning (TensorFlow, Theano, Caffe), scikit-learn, Kaggle, big data (Spark, Hadoop MapReduce, HDFS), matplotlib, pandas, NumPy, SciPy, Python essentials, AWS, and various command lines	['https://github.com/donnemartin/data-science-ipython-notebooks']	* [Data Science IPython Notebooks](https://github.com/donnemartin/data-science-ipython-notebooks) on Deep learning (TensorFlow, Theano, Caffe), scikit-learn, Kaggle, big data (Spark, Hadoop MapReduce, HDFS), matplotlib, pandas, NumPy, SciPy, Python essentials, AWS, and various command lines.												1.0				
http://www.labri.fr/perso/nrougier/teaching/numpy.100/index.html	100 Numpy exercises. The goal is both to offer a quick reference for new and old users and to provide also a set of exercices for those who teach	['http://www.labri.fr/perso/nrougier/teaching/numpy.100/index.html']	* [100 Numpy exercises](http://www.labri.fr/perso/nrougier/teaching/numpy.100/index.html). The goal is both to offer a quick reference for new and old users and to provide also a set of exercices for those who teach;												1.0				
https://github.com/Yorko/python_intro	Курс по основам Python, алгоритмам и структурам данных. Курс представлен в виде тетрадок IPython	['https://github.com/Yorko/python_intro']	* [Курс по основам Python, алгоритмам и структурам данных](https://github.com/Yorko/python_intro). Курс представлен в виде тетрадок IPython;												1.0				
https://telegram.me/py_digest	@py_digest – канал в telegram, уведомляющий о последних новостях из мира Python	['https://telegram.me/py_digest']	* [@py_digest](https://telegram.me/py_digest) – канал в telegram, уведомляющий о последних новостях из мира Python;								1.0				1.0				
https://telegram.me/ru_python	Python – группа в telegram с общением и обсуждением языка программирования Python	['https://telegram.me/ru_python']	* [Python](https://telegram.me/ru_python) – группа в telegram с общением и обсуждением языка программирования Python								1.0				1.0				
https://pythonpedia.com/	Pythonpedia – энциклопедия ресурсов по программированию на Python	['https://pythonpedia.com/']	* [Pythonpedia](https://pythonpedia.com/) – энциклопедия ресурсов по программированию на Python;												1.0				
https://blog.modeanalytics.com/python-data-visualization-libraries/	10 библиотек для визуализации данных на Python	['https://blog.modeanalytics.com/python-data-visualization-libraries/']	* [10 библиотек для визуализации данных](https://blog.modeanalytics.com/python-data-visualization-libraries/) на Python;												1.0				
https://github.com/rhiever/tpot	tpot – A Python tool that automatically creates and optimizes machine learning pipelines using genetic programming	['https://github.com/rhiever/tpot']	* [tpot](https://github.com/rhiever/tpot) – A Python tool that automatically creates and optimizes machine learning pipelines using genetic programming;												1.0				
https://pythonprogramming.net/data-analysis-tutorials/	Data Analysis Tutorials – Python Programming tutorials from beginner to advanced on a massive variety of topics. All video and text tutorials are free	['https://pythonprogramming.net/data-analysis-tutorials/']	* [Data Analysis Tutorials](https://pythonprogramming.net/data-analysis-tutorials/) – Python Programming tutorials from beginner to advanced on a massive variety of topics. All video and text tutorials are free;												1.0				
https://github.com/rasbt/python-machine-learning-book	The python-machine-learning-book code repository and info resource	['https://github.com/rasbt/python-machine-learning-book']	* The [python-machine-learning-book](https://github.com/rasbt/python-machine-learning-book) code repository and info resource;												1.0				
https://github.com/amueller/introduction_to_ml_with_python	introduction to ML with python – Notebooks and code for the book 'Introduction to Machine Learning with Python'	['https://github.com/amueller/introduction_to_ml_with_python']	"* [introduction to ML with python](https://github.com/amueller/introduction_to_ml_with_python) – Notebooks and code for the book ""Introduction to Machine Learning with Python""."												1.0				
	Sheldon Axler 'Linear algebra done right'	[]	"* Sheldon Axler ""Linear algebra done right"""													1.0			
https://stepic.org/course/Linear-Algebra-Problems-and-Methods-79/syllabus	Курс по линейной алгебре на stepic	['https://stepic.org/course/Linear-Algebra-Problems-and-Methods-79/syllabus']	* [Курс по линейной алгебре на stepic](https://stepic.org/course/Linear-Algebra-Problems-and-Methods-79/syllabus)													1.0		1.0	
https://www.coursera.org/course/linalg](https://www.coursera.org/course/linalg	www.coursera.org/course/linalg	['https://www.coursera.org/course/linalg](https://www.coursera.org/course/linalg']	* [https://www.coursera.org/course/linalg](https://www.coursera.org/course/linalg)													1.0		1.0	
https://www.youtube.com/playlist?list=PLGqzsq0erqU7w7ZrTZ-pWWk4-AOkiGEGp	Принстон	['https://www.youtube.com/playlist?list=PLGqzsq0erqU7w7ZrTZ-pWWk4-AOkiGEGp']	* [Принстон](https://www.youtube.com/playlist?list=PLGqzsq0erqU7w7ZrTZ-pWWk4-AOkiGEGp)													1.0	1.0		
http://dshinin.ru/Upload_Books2/Books/2008-07-15/200807152203201.PDF](http://dshinin.ru/Upload_Books2/Books/2008-07-15/200807152203201.PDF	dshinin.ru/Upload_Books2/Books/2008-07-15/200807152203201.PDF	['http://dshinin.ru/Upload_Books2/Books/2008-07-15/200807152203201.PDF](http://dshinin.ru/Upload_Books2/Books/2008-07-15/200807152203201.PDF']	* [http://dshinin.ru/Upload_Books2/Books/2008-07-15/200807152203201.PDF](http://dshinin.ru/Upload_Books2/Books/2008-07-15/200807152203201.PDF)													1.0			
https://www.youtube.com/playlist?list=PL06960BA52D0DB32B	Бойд	['https://www.youtube.com/playlist?list=PL06960BA52D0DB32B']	* [Бойд](https://www.youtube.com/playlist?list=PL06960BA52D0DB32B)													1.0	1.0		
https://www.youtube.com/playlist?list=PLbMVogVj5nJQ2vsW_hmyvVfO4GYWaaPp7](https://www.youtube.com/playlist?list=PLbMVogVj5nJQ2vsW_hmyvVfO4GYWaaPp7	www.youtube.com/playlist?list=PLbMVogVj5nJQ2vsW_hmyvVfO4GYWaaPp7	['https://www.youtube.com/playlist?list=PLbMVogVj5nJQ2vsW_hmyvVfO4GYWaaPp7](https://www.youtube.com/playlist?list=PLbMVogVj5nJQ2vsW_hmyvVfO4GYWaaPp7']	* [https://www.youtube.com/playlist?list=PLbMVogVj5nJQ2vsW_hmyvVfO4GYWaaPp7](https://www.youtube.com/playlist?list=PLbMVogVj5nJQ2vsW_hmyvVfO4GYWaaPp7)													1.0	1.0		
http://immersivemath.com/ila/index.html	immersive linear algebra – online linear algebra book with fully interactive figures	['http://immersivemath.com/ila/index.html']	* [immersive linear algebra](http://immersivemath.com/ila/index.html) – online linear algebra book with fully interactive figures;													1.0			
http://ocw.mit.edu/courses/mathematics/18-06sc-linear-algebra-fall-2011/	MIT 18.06 Linear Algebra – by Professor Gilbert Strang	['http://ocw.mit.edu/courses/mathematics/18-06sc-linear-algebra-fall-2011/']	* [MIT 18.06 Linear Algebra](http://ocw.mit.edu/courses/mathematics/18-06sc-linear-algebra-fall-2011/) – by Professor Gilbert Strang													1.0		1.0	
